,name,age,from_team,to_team,avg_salary,year_fa,IDfg,first_played,last_played,pos_1B,pos_2B,pos_3B,pos_C,pos_DH,pos_SS
0,A.J. Ellis,35.6,PHI,MIA,2500000.0,2017,5677,2008.0,2018.0,0,0,0,1,0,0
1,A.J. Pierzynski,37.5,BOS,STL,500000.0,2014,746,1998.0,2016.0,0,0,0,1,0,0
2,A.J. Pierzynski,35.9,CHW,TEX,7500000.0,2013,746,1998.0,2016.0,0,0,0,1,0,0
3,A.J. Pierzynski,37.9,STL,ATL,2000000.0,2015,746,1998.0,2016.0,0,0,0,1,0,0
4,A.J. Pierzynski,38.8,ATL,ATL,3000000.0,2016,746,1998.0,2016.0,0,0,0,1,0,0
5,Aaron Hill,29.6,ARI,ARI,5500000.0,2012,6104,2005.0,2017.0,0,0,1,0,0,0
6,Abraham Almonte,31.3,SD,ATL,990000.0,2021,5486,2013.0,2021.0,0,0,0,0,0,0
7,Adam Duvall,32.4,ATL,MIA,5000000.0,2021,10950,2014.0,2021.0,0,0,0,0,0,0
8,Adam Jones,33.6,BAL,ARI,3000000.0,2019,6368,2006.0,2019.0,0,0,0,0,0,0
9,Adam Kennedy,35.8,SEA,LAD,800000.0,2012,19,1999.0,2012.0,0,1,0,0,0,0
10,Adam LaRoche,35.0,WSH,CHW,12500000.0,2015,1904,2004.0,2015.0,0,0,0,0,1,0
11,Adam LaRoche,33.2,WSH,WSH,12000000.0,2013,1904,2004.0,2015.0,0,0,0,0,1,0
12,Adam Lind,33.5,SEA,WSH,1500000.0,2017,8027,2006.0,2017.0,1,0,0,0,0,0
13,Adam Rosales,33.7,SD,OAK,1250000.0,2017,9682,2008.0,2018.0,0,1,0,0,0,0
14,Adam Rosales,30.4,OAK,TEX,750000.0,2014,9682,2008.0,2018.0,0,1,0,0,0,0
15,Adam Rosales,31.6,TEX,TEX,900000.0,2015,9682,2008.0,2018.0,0,1,0,0,0,0
16,Adeiny Hechavarria,30.8,ATL,ATL,1000000.0,2020,10459,2012.0,2020.0,0,0,0,0,0,1
17,Adrian Gonzalez,35.7,ATL,NYM,545000.0,2018,1908,2004.0,2018.0,1,0,0,0,0,0
18,Albert Almora,26.8,CHC,NYM,1250000.0,2021,14109,2016.0,2021.0,0,0,0,0,0,0
19,Albert Pujols,31.8,STL,LAA,24000000.0,2012,1177,2001.0,2021.0,0,0,0,0,1,0
20,Albert Pujols,41.2,LAA,LAD,570500.0,2021,1177,2001.0,2021.0,0,0,0,0,1,0
21,Alberto Callaspo,31.6,OAK,ATL,3000000.0,2015,3336,2006.0,2015.0,0,0,1,0,0,0
22,Alcides Escobar,31.1,KC,KC,2500000.0,2018,6310,2008.0,2021.0,0,0,0,0,0,1
23,Alex Avila,32.8,ARI,MIN,4250000.0,2020,7476,2009.0,2021.0,0,0,0,1,0,0
24,Alex Avila,33.9,MIN,WSH,1500000.0,2021,7476,2009.0,2021.0,0,0,0,1,0,0
25,Alex Avila,28.8,DET,CHW,2500000.0,2016,7476,2009.0,2021.0,0,0,0,1,0,0
26,Alex Avila,29.8,CHW,DET,2000000.0,2017,7476,2009.0,2021.0,0,0,0,1,0,0
27,Alex Avila,31.0,CHC,ARI,4125000.0,2018,7476,2009.0,2021.0,0,0,0,1,0,0
28,Alex Gonzalez,34.8,ATL,MIL,4250000.0,2012,520,1998.0,2014.0,0,0,0,0,0,1
29,Alex Gonzalez,35.9,MIL,MIL,1450000.0,2013,520,1998.0,2014.0,0,0,0,0,0,1
30,Alex Gordon,31.8,KC,KC,18000000.0,2016,5209,2007.0,2020.0,0,0,0,0,0,0
31,Alex Gordon,35.9,KC,KC,4000000.0,2020,5209,2007.0,2020.0,0,0,0,0,0,0
32,Alex Rios,33.8,TEX,KC,11000000.0,2015,2090,2004.0,2015.0,0,0,0,0,0,0
33,Alexi Amarista,27.7,SD,COL,1250000.0,2017,9063,2011.0,2017.0,0,0,0,0,0,1
34,Andrelton Simmons,31.3,LAA,MIN,10500000.0,2021,10847,2012.0,2021.0,0,0,0,0,0,1
35,Andres Blanco,32.7,PHI,PHI,3000000.0,2017,1907,2004.0,2017.0,0,0,1,0,0,0
36,Andres Torres,34.8,NYM,SF,2000000.0,2013,1488,2002.0,2013.0,0,0,0,0,0,0
37,Andrew McCutchen,32.2,NYY,PHI,16666667.0,2019,9847,2009.0,2021.0,0,0,0,0,0,0
38,Andruw Jones,34.7,NYY,NYY,2000000.0,2012,96,1996.0,2012.0,0,0,0,0,0,0
39,Angel Pagan,31.4,SF,SF,10000000.0,2013,2918,2006.0,2016.0,0,0,0,0,0,0
40,Aramis Ramirez,33.4,CHC,MIL,12000000.0,2012,1002,1998.0,2015.0,0,0,1,0,0,0
41,Asdrubal Cabrera,33.2,PHI,TEX,3500000.0,2019,4962,2007.0,2021.0,0,1,0,0,0,0
42,Asdrubal Cabrera,29.1,WSH,TB,7500000.0,2015,4962,2007.0,2021.0,0,1,0,0,0,0
43,Asdrubal Cabrera,30.0,TB,NYM,9250000.0,2016,4962,2007.0,2021.0,0,1,0,0,0,0
44,Asdrubal Cabrera,35.2,WSH,ARI,1750000.0,2021,4962,2007.0,2021.0,0,1,0,0,0,0
45,Asdrubal Cabrera,34.1,WSH,WSH,2500000.0,2020,4962,2007.0,2021.0,0,1,0,0,0,0
46,Austin Jackson,31.4,TEX,NYM,545000.0,2018,9848,2010.0,2018.0,0,0,0,0,0,0
47,Austin Jackson,29.1,CHC,CHW,5000000.0,2016,9848,2010.0,2018.0,0,0,0,0,0,0
48,Austin Kearns,31.6,CLE,MIA,1300000.0,2012,332,2002.0,2013.0,0,0,0,0,0,0
49,Austin Kearns,32.6,MIA,MIA,700000.0,2013,332,2002.0,2013.0,0,0,0,0,0,0
50,Austin Romine,32.2,DET,CHC,1500000.0,2021,5491,2011.0,2021.0,0,0,0,1,0,0
51,Austin Romine,31.0,NYY,DET,4150000.0,2020,5491,2011.0,2021.0,0,0,0,1,0,0
52,Avisail Garcia,27.6,CHW,TB,3500000.0,2019,5760,2012.0,2021.0,0,0,0,0,0,0
53,Avisail Garcia,28.5,TB,MIL,10000000.0,2020,5760,2012.0,2021.0,0,0,0,0,0,0
54,Avisail Garcia,30.4,MIL,MIA,13250000.0,2022,5760,2012.0,2021.0,0,0,0,0,0,0
55,Ben Revere,28.6,WSH,LAA,4000000.0,2017,4712,2010.0,2017.0,0,0,0,0,0,0
56,Ben Zobrist,34.5,KC,CHC,14000000.0,2016,7435,2006.0,2019.0,0,1,0,0,0,0
57,Bill Hall,33.1,BAL,LAA,500000.0,2013,1605,2002.0,2012.0,0,0,1,0,0,0
58,Bill Hall,32.1,SF,NYY,600000.0,2012,1605,2002.0,2012.0,0,0,1,0,0,0
59,Billy Butler,30.3,OAK,NYY,49914.0,2016,7399,2007.0,2016.0,0,0,0,0,1,0
60,Billy Butler,28.6,KC,OAK,10000000.0,2015,7399,2007.0,2016.0,0,0,0,0,1,0
61,Billy Hamilton,28.2,CIN,KC,5250000.0,2019,10199,2013.0,2021.0,0,0,0,0,0,0
62,Bobby Abreu,38.1,LAA,LAD,401311.0,2012,945,1996.0,2014.0,0,0,0,0,0,0
63,Bobby Wilson,31.7,ARI,TB,700000.0,2015,6564,2008.0,2019.0,0,0,0,1,0,0
64,Brad Miller,31.2,PHI,PHI,3500000.0,2021,12775,2013.0,2021.0,0,1,0,0,0,0
65,Brandon Inge,35.7,OAK,PIT,1250000.0,2013,470,2001.0,2013.0,0,0,1,0,0,0
66,Brandon Inge,34.9,DET,OAK,414066.0,2012,470,2001.0,2013.0,0,0,1,0,0,0
67,Brandon Moss,33.3,STL,KC,6000000.0,2017,4467,2007.0,2017.0,0,0,0,0,1,0
68,Brayan Pena,30.9,KC,DET,875000.0,2013,3231,2005.0,2016.0,0,0,0,1,0,0
69,Brayan Pena,31.8,DET,CIN,1137500.0,2014,3231,2005.0,2016.0,0,0,0,1,0,0
70,Brayan Pena,33.8,CIN,STL,2500000.0,2016,3231,2005.0,2016.0,0,0,0,1,0,0
71,Brennan Boesch,28.8,NYY,LAA,800000.0,2014,914,2010.0,2015.0,0,0,0,0,0,0
72,Brett Gardner,37.4,NYY,NYY,2575000.0,2021,9927,2008.0,2021.0,0,0,0,0,0,0
73,Brett Gardner,36.2,NYY,NYY,12500000.0,2020,9927,2008.0,2021.0,0,0,0,0,0,0
74,Brian Dozier,31.6,LAD,WSH,9000000.0,2019,9810,2012.0,2020.0,0,1,0,0,0,0
75,Brian McCann,34.8,HOU,ATL,2000000.0,2019,4810,2005.0,2019.0,0,0,0,1,0,0
76,Brian McCann,29.8,ATL,NYY,17000000.0,2014,4810,2005.0,2019.0,0,0,0,1,0,0
77,Brian Schneider,34.9,PHI,PHI,800000.0,2012,795,2000.0,2012.0,0,0,0,1,0,0
78,Bryce Harper,26.3,WSH,PHI,25384615.0,2019,11579,2012.0,2021.0,0,0,0,0,0,0
79,C.J. Cron,29.9,MIN,DET,6100000.0,2020,12546,2014.0,2021.0,1,0,0,0,0,0
80,Caleb Joseph,32.6,BAL,ARI,1100000.0,2019,7087,2014.0,2020.0,0,0,0,1,0,0
81,Cameron Maybin,32.8,NYY,DET,1500000.0,2020,5223,2007.0,2021.0,0,0,0,0,0,0
82,Cameron Maybin,30.8,HOU,MIA,3250000.0,2018,5223,2007.0,2021.0,0,0,0,0,0,0
83,Carlos Beltran,34.6,SF,STL,13000000.0,2012,589,1998.0,2017.0,0,0,0,0,1,0
84,Carlos Beltran,39.6,TEX,HOU,16000000.0,2017,589,1998.0,2017.0,0,0,0,0,1,0
85,Carlos Beltran,36.6,STL,NYY,15000000.0,2014,589,1998.0,2017.0,0,0,0,0,1,0
86,Carlos Gomez,32.2,TEX,TB,4000000.0,2018,4881,2007.0,2019.0,0,0,0,0,0,0
87,Carlos Gomez,31.0,TEX,TEX,11500000.0,2017,4881,2007.0,2019.0,0,0,0,0,0,0
88,Carlos Gonzalez,32.3,COL,COL,8000000.0,2018,7287,2008.0,2019.0,0,0,0,0,0,0
89,Carlos Pena,35.7,KC,LAA,1000000.0,2014,934,2001.0,2014.0,1,0,0,0,0,0
90,Carlos Pena,34.6,TB,HOU,2900000.0,2013,934,2001.0,2014.0,1,0,0,0,0,0
91,Carlos Pena,33.7,CHC,TB,7250000.0,2012,934,2001.0,2014.0,1,0,0,0,0,0
92,Carlos Quentin,33.4,SEA,MIN,750000.0,2016,6274,2006.0,2014.0,0,0,0,0,0,0
93,Carlos Ruiz,34.8,PHI,PHI,8666667.0,2014,2579,2006.0,2017.0,0,0,0,1,0,0
94,Carlos Santana,31.7,CLE,PHI,20000000.0,2018,2396,2010.0,2021.0,1,0,0,0,0,0
95,Carlos Santana,34.7,CLE,KC,8750000.0,2021,2396,2010.0,2021.0,1,0,0,0,0,0
96,Casey Blake,37.2,COL,COL,2000000.0,2012,719,1999.0,2011.0,0,0,1,0,0,0
97,Casey Kotchman,28.9,TB,CLE,3000000.0,2012,1930,2004.0,2013.0,1,0,0,0,0,0
98,Casey Kotchman,29.9,CLE,MIA,700000.0,2013,1930,2004.0,2013.0,1,0,0,0,0,0
99,Cesar Hernandez,31.5,CHW,WSH,4000000.0,2022,10556,2013.0,2021.0,0,1,0,0,0,0
100,Cesar Hernandez,29.6,PHI,CLE,6250000.0,2020,10556,2013.0,2021.0,0,1,0,0,0,0
101,Cesar Hernandez,30.7,CLE,CLE,5000000.0,2021,10556,2013.0,2021.0,0,1,0,0,0,0
102,Cesar Izturis,32.9,WSH,CIN,800000.0,2013,656,2001.0,2013.0,0,0,0,0,0,1
103,Chase Headley,30.6,NYY,NYY,13000000.0,2015,4720,2007.0,2018.0,0,0,1,0,0,0
104,Chase Utley,36.9,LAD,LAD,7000000.0,2016,1679,2003.0,2018.0,0,1,0,0,0,0
105,Chase Utley,38.1,LAD,LAD,2000000.0,2017,1679,2003.0,2018.0,0,1,0,0,0,0
106,Chase Utley,39.1,LAD,LAD,1000000.0,2018,1679,2003.0,2018.0,0,1,0,0,0,0
107,Chone Figgins,36.0,MIA,LAD,900000.0,2014,1580,2002.0,2014.0,0,0,1,0,0,0
108,Chris Carter,30.1,MIL,NYY,3500000.0,2017,9911,2010.0,2017.0,1,0,0,0,0,0
109,Chris Carter,29.0,HOU,MIL,2500000.0,2016,9911,2010.0,2017.0,1,0,0,0,0,0
110,Chris Coghlan,28.5,MIA,CHC,800000.0,2014,6878,2009.0,2017.0,0,0,0,0,0,0
111,Chris Davis,29.8,BAL,BAL,23000000.0,2016,9272,2008.0,2020.0,1,0,0,0,0,0
112,Chris Denorfia,35.6,CHC,NYY,1000000.0,2016,4400,2005.0,2015.0,0,0,0,0,0,0
113,Chris Denorfia,34.4,SEA,CHC,2600000.0,2015,4400,2005.0,2015.0,0,0,0,0,0,0
114,Chris Heisey,31.8,WSH,WSH,1400000.0,2017,3978,2010.0,2017.0,0,0,0,0,0,0
115,Chris Herrmann,31.0,HOU,OAK,1000000.0,2019,9284,2012.0,2019.0,0,0,0,1,0,0
116,Chris Iannetta,32.6,LAA,SEA,4250000.0,2016,8267,2006.0,2019.0,0,0,0,1,0,0
117,Chris Iannetta,33.8,SEA,ARI,1500000.0,2017,8267,2006.0,2019.0,0,0,0,1,0,0
118,Chris Iannetta,34.7,ARI,COL,4250000.0,2018,8267,2006.0,2019.0,0,0,0,1,0,0
119,Chris Owings,27.2,ARI,KC,3000000.0,2019,10030,2013.0,2021.0,0,1,0,0,0,0
120,Chris Snyder,30.9,PIT,HOU,750000.0,2012,4606,2004.0,2013.0,0,0,0,1,0,0
121,Chris Stewart,35.9,PIT,ATL,575000.0,2018,3878,2006.0,2018.0,0,0,0,1,0,0
122,Chris Taylor,31.2,LAD,LAD,15000000.0,2022,13757,2014.0,2021.0,0,1,0,0,0,0
123,Chris Young,34.4,BOS,LAA,2000000.0,2018,3882,2006.0,2018.0,0,0,0,0,0,0
124,Chris Young,32.2,NYY,BOS,6500000.0,2016,3882,2006.0,2018.0,0,0,0,0,0,0
125,Chris Young,30.2,OAK,NYM,7250000.0,2014,3882,2006.0,2018.0,0,0,0,0,0,0
126,Cliff Pennington,31.4,TOR,LAA,1875000.0,2016,3395,2008.0,2018.0,0,0,0,0,0,1
127,Clint Barmes,32.7,HOU,PIT,5250000.0,2012,1830,2003.0,2015.0,0,0,0,0,0,1
128,Clint Barmes,35.7,PIT,SD,1500000.0,2015,1830,2003.0,2015.0,0,0,0,0,0,1
129,Clint Frazier,27.2,NYY,CHC,1500000.0,2022,15983,2017.0,2021.0,0,0,0,0,0,0
130,Coco Crisp,32.2,OAK,OAK,7000000.0,2012,1572,2002.0,2016.0,0,0,0,0,0,0
131,Cody Ransom,36.8,ARI,SD,550000.0,2013,1126,2001.0,2013.0,0,0,1,0,0,0
132,Cody Ross,32.0,BOS,ARI,8666667.0,2013,1760,2003.0,2015.0,0,0,0,0,0,0
133,Cody Ross,31.1,SF,BOS,3000000.0,2012,1760,2003.0,2015.0,0,0,0,0,0,0
134,Colby Rasmus,28.4,TOR,HOU,8000000.0,2015,9893,2009.0,2018.0,0,0,0,0,0,0
135,Colby Rasmus,30.3,HOU,TB,5000000.0,2017,9893,2009.0,2018.0,0,0,0,0,0,0
136,Corey Dickerson,30.6,PHI,MIA,8750000.0,2020,10762,2013.0,2021.0,0,0,0,0,0,0
137,Corey Hart,31.7,MIL,SEA,6000000.0,2014,1945,2004.0,2015.0,0,0,0,0,0,0
138,Corey Hart,32.7,SEA,PIT,2500000.0,2015,1945,2004.0,2015.0,0,0,0,0,0,0
139,Corey Seager,27.6,LAD,TEX,32500000.0,2022,13624,2015.0,2021.0,0,0,0,0,0,1
140,Craig Gentry,32.0,OAK,LAA,1000000.0,2016,9571,2009.0,2018.0,0,0,0,0,0,0
141,Curt Casali,32.1,CIN,SF,1500000.0,2021,12510,2014.0,2021.0,0,0,0,1,0,0
142,Curtis Granderson,36.8,LAD,TOR,5000000.0,2018,4747,2004.0,2019.0,0,0,0,0,0,0
143,Curtis Granderson,32.7,NYY,NYM,15000000.0,2014,4747,2004.0,2019.0,0,0,0,0,0,0
144,Dan Johnson,32.5,TB,CHW,900000.0,2012,2167,2005.0,2015.0,1,0,0,0,0,0
145,Daniel Descalso,30.2,COL,ARI,1500000.0,2017,8392,2010.0,2019.0,0,1,0,0,0,0
146,Daniel Descalso,32.1,ARI,CHC,2500000.0,2019,8392,2010.0,2019.0,0,1,0,0,0,0
147,Daniel Descalso,28.1,STL,COL,1800000.0,2015,8392,2010.0,2019.0,0,1,0,0,0,0
148,Daniel Murphy,33.7,CHC,COL,12000000.0,2019,4316,2008.0,2020.0,1,0,0,0,0,0
149,Daniel Murphy,30.7,NYM,WSH,12500000.0,2016,4316,2008.0,2020.0,1,0,0,0,0,0
150,Daniel Nava,32.8,TB,LAA,1375000.0,2016,5450,2010.0,2017.0,0,0,0,0,0,0
151,Daniel Robertson,26.8,SF,MIL,900000.0,2021,14145,2017.0,2021.0,0,0,0,0,0,1
152,Danny Espinosa,30.2,LAA,SEA,535000.0,2017,9219,2010.0,2017.0,0,0,0,0,0,1
153,David Dahl,26.7,COL,TEX,2700000.0,2021,13744,2016.0,2021.0,0,0,0,0,0,0
154,David DeJesus,31.9,OAK,CHC,5000000.0,2012,1825,2003.0,2015.0,0,0,0,0,0,0
155,David Freese,32.8,LAA,PIT,3000000.0,2016,9549,2009.0,2019.0,1,0,0,0,0,0
156,David Murphy,34.4,BOS,MIN,1150000.0,2016,6035,2006.0,2015.0,0,0,0,0,1,0
157,David Murphy,32.1,TEX,CLE,6000000.0,2014,6035,2006.0,2015.0,0,0,0,0,1,0
158,David Ortiz,36.9,BOS,BOS,14500000.0,2013,745,1997.0,2016.0,0,0,0,0,1,0
159,David Ross,35.6,ATL,BOS,3100000.0,2013,1551,2002.0,2016.0,0,0,0,1,0,0
160,David Ross,37.8,BOS,CHC,2500000.0,2015,1551,2002.0,2016.0,0,0,0,1,0,0
161,Delmon Young,28.2,TB,BAL,1000000.0,2014,2140,2006.0,2015.0,0,0,0,0,0,0
162,Delmon Young,29.2,BAL,BAL,2250000.0,2015,2140,2006.0,2015.0,0,0,0,0,0,0
163,Delmon Young,27.3,DET,PHI,750000.0,2013,2140,2006.0,2015.0,0,0,0,0,0,0
164,Denard Span,31.8,WSH,SF,10333333.0,2016,8347,2008.0,2018.0,0,0,0,0,0,0
165,Derek Norris,28.1,WSH,TB,1200000.0,2017,6867,2012.0,2017.0,0,0,0,1,0,0
166,Dexter Fowler,30.7,CHC,STL,16500000.0,2017,4062,2008.0,2021.0,0,0,0,0,0,0
167,Dexter Fowler,29.9,CHC,CHC,13000000.0,2016,4062,2008.0,2021.0,0,0,0,0,0,0
168,Didi Gregorius,30.9,PHI,PHI,14000000.0,2021,6012,2012.0,2021.0,0,0,0,0,0,1
169,Didi Gregorius,29.8,NYY,PHI,14000000.0,2020,6012,2012.0,2021.0,0,0,0,0,0,1
170,Dioner Navarro,28.8,CIN,CHC,1750000.0,2013,3179,2004.0,2016.0,0,0,0,1,0,0
171,Dioner Navarro,29.8,CHC,TOR,4000000.0,2014,3179,2004.0,2016.0,0,0,0,1,0,0
172,Dioner Navarro,31.8,TOR,CHW,4000000.0,2016,3179,2004.0,2016.0,0,0,0,1,0,0
173,Dioner Navarro,27.9,LAD,CIN,800000.0,2012,3179,2004.0,2016.0,0,0,0,1,0,0
174,Domingo Santana,27.5,SEA,CLE,1500000.0,2020,10348,2014.0,2020.0,0,0,0,0,0,0
175,Don Kelly,32.9,DET,DET,900000.0,2013,2216,2007.0,2016.0,0,0,0,0,0,0
176,Don Kelly,34.9,DET,MIA,1250000.0,2015,2216,2007.0,2016.0,0,0,0,0,0,0
177,Drew Butera,33.2,KC,KC,1900000.0,2017,3411,2010.0,2021.0,0,0,0,1,0,0
178,Dustin Garneau,32.2,OAK,HOU,650000.0,2020,9433,2015.0,2021.0,0,0,0,1,0,0
179,Eddie Rosario,29.3,MIN,CLE,8000000.0,2021,12155,2015.0,2021.0,0,0,0,0,0,0
180,Eduardo Escobar,32.8,MIL,NYM,10000000.0,2022,6153,2011.0,2021.0,0,0,1,0,0,0
181,Eduardo Nunez,30.7,BOS,BOS,4000000.0,2018,6848,2010.0,2020.0,0,0,1,0,0,0
182,Edwin Encarnacion,33.9,TOR,CLE,20000000.0,2017,2151,2005.0,2020.0,0,0,0,0,1,0
183,Edwin Encarnacion,36.9,NYY,CHW,12000000.0,2020,2151,2005.0,2020.0,0,0,0,0,1,0
184,Elliot Johnson,30.9,CLE,TEX,900000.0,2015,4751,2008.0,2014.0,0,1,0,0,0,0
185,Elliot Johnson,29.8,ATL,CLE,930000.0,2014,4751,2008.0,2014.0,0,1,0,0,0,0
186,Emilio Bonifacio,29.7,ATL,CHW,4000000.0,2015,4054,2007.0,2020.0,0,0,0,0,0,0
187,Endy Chavez,36.9,SEA,SEA,750000.0,2015,768,2001.0,2014.0,0,0,0,0,0,0
188,Endy Chavez,33.8,TEX,BAL,1500000.0,2012,768,2001.0,2014.0,0,0,0,0,0,0
189,Enrique Hernandez,29.3,LAD,BOS,7000000.0,2021,10472,2014.0,2021.0,0,0,0,0,0,0
190,Eric Chavez,34.2,NYY,NYY,900000.0,2012,906,1998.0,2014.0,0,0,1,0,0,0
191,Eric Chavez,36.0,ARI,ARI,3500000.0,2014,906,1998.0,2014.0,0,0,1,0,0,0
192,Eric Chavez,34.9,NYY,ARI,3000000.0,2013,906,1998.0,2014.0,0,0,1,0,0,0
193,Eric Fryer,27.2,PIT,MIN,515000.0,2013,8145,2011.0,2017.0,0,0,0,1,0,0
194,Eric Hinske,35.2,ATL,ARI,1350000.0,2013,1305,2002.0,2013.0,1,0,0,0,0,0
195,Eric Hosmer,28.2,KC,SD,18000000.0,2018,3516,2011.0,2021.0,1,0,0,0,0,0
196,Eric Sogard,33.5,TB,MIL,4500000.0,2020,7927,2010.0,2021.0,0,0,1,0,0,0
197,Eric Thames,33.1,MIL,WSH,4000000.0,2020,3711,2011.0,2020.0,1,0,0,0,0,0
198,Felix Pie,26.8,BAL,CLE,1000000.0,2012,3751,2007.0,2013.0,0,0,0,0,0,0
199,Francisco Cervelli,33.8,ATL,MIA,2000000.0,2020,5275,2008.0,2020.0,0,0,0,1,0,0
200,Francisco Peguero,25.5,SF,BAL,550000.0,2014,5496,2012.0,2013.0,0,0,0,0,0,0
201,Franklin Gutierrez,30.8,SEA,SEA,1000000.0,2014,3255,2005.0,2017.0,0,0,0,0,0,0
202,Franklin Gutierrez,32.7,SEA,SEA,1500000.0,2016,3255,2005.0,2017.0,0,0,0,0,0,0
203,Franklin Gutierrez,33.9,SEA,LAD,2600000.0,2017,3255,2005.0,2017.0,0,0,0,0,0,0
204,Fred Lewis,31.1,CIN,CLE,900000.0,2012,4693,2006.0,2012.0,0,0,0,0,0,0
205,Freddy Galvis,31.2,CIN,BAL,1500000.0,2021,6609,2012.0,2021.0,0,0,0,0,0,1
206,Freddy Galvis,29.2,SD,TOR,5000000.0,2019,6609,2012.0,2021.0,0,0,0,0,0,1
207,Garrett Jones,32.4,PIT,MIA,3875000.0,2014,2714,2007.0,2015.0,0,0,0,0,0,0
208,George Springer,31.3,HOU,TOR,25000000.0,2021,12856,2014.0,2021.0,0,0,0,0,0,0
209,Geovany Soto,32.0,OAK,CHW,1500000.0,2015,3707,2005.0,2017.0,0,0,0,1,0,0
210,Geovany Soto,29.8,TEX,TEX,2750000.0,2013,3707,2005.0,2017.0,0,0,0,1,0,0
211,Geovany Soto,32.8,CHW,LAA,2800000.0,2016,3707,2005.0,2017.0,0,0,0,1,0,0
212,Gerald Laird,35.2,ATL,ARI,1000000.0,2015,1698,2003.0,2015.0,0,0,0,1,0,0
213,Gerald Laird,33.0,DET,ATL,1500000.0,2013,1698,2003.0,2015.0,0,0,0,1,0,0
214,Gerardo Parra,28.7,BAL,COL,9166667.0,2016,8553,2009.0,2021.0,0,0,0,0,0,0
215,Gordon Beckham,29.2,CHW,ATL,1250000.0,2016,9015,2009.0,2019.0,0,1,0,0,0,0
216,Gordon Beckham,28.3,LAA,CHW,2000000.0,2015,9015,2009.0,2019.0,0,1,0,0,0,0
217,Grady Sizemore,29.2,CLE,CLE,5000000.0,2012,2197,2004.0,2015.0,0,0,0,0,0,0
218,Grady Sizemore,31.4,CLE,BOS,750000.0,2014,2197,2004.0,2015.0,0,0,0,0,0,0
219,Greg Dobbs,33.5,MIA,MIA,1500000.0,2012,2158,2004.0,2014.0,1,0,0,0,0,0
220,Guillermo Heredia,28.9,TB,PIT,1000000.0,2020,18721,2016.0,2021.0,0,0,0,0,0,0
221,Hanley Ramirez,30.9,LAD,BOS,22000000.0,2015,8001,2005.0,2019.0,1,0,0,0,0,0
222,Henry Blanco,40.2,ARI,ARI,1200000.0,2012,81,1997.0,2013.0,0,0,0,1,0,0
223,Hideki Matsui,37.8,OAK,TB,900000.0,2012,1659,2003.0,2012.0,0,0,0,0,1,0
224,Howie Kendrick,36.3,WSH,WSH,6250000.0,2020,4229,2006.0,2020.0,0,1,0,0,0,0
225,Howie Kendrick,34.5,WSH,WSH,3500000.0,2018,4229,2006.0,2020.0,0,1,0,0,0,0
226,Howie Kendrick,32.5,LAD,LAD,10000000.0,2016,4229,2006.0,2020.0,0,1,0,0,0,0
227,Hunter Pence,36.8,TEX,SF,3000000.0,2020,8252,2007.0,2020.0,0,0,0,0,0,0
228,Hunter Renfroe,28.8,TB,BOS,3100000.0,2021,15464,2016.0,2021.0,0,0,0,0,0,0
229,Ian Desmond,31.2,TEX,COL,14000000.0,2017,6885,2009.0,2019.0,0,0,0,0,0,0
230,Ian Desmond,30.4,WSH,TEX,8000000.0,2016,6885,2009.0,2019.0,0,0,0,0,0,0
231,Ian Kinsler,36.4,BOS,SD,4000000.0,2019,6195,2006.0,2019.0,0,1,0,0,0,0
232,Ichiro Suzuki,41.2,NYY,MIA,2000000.0,2015,1101,2001.0,2019.0,0,0,0,0,0,0
233,Ichiro Suzuki,39.1,NYY,NYY,6500000.0,2013,1101,2001.0,2019.0,0,0,0,0,0,0
234,Ichiro Suzuki,44.3,MIA,SEA,750000.0,2018,1101,2001.0,2019.0,0,0,0,0,0,0
235,J.D. Martinez,30.4,ARI,BOS,22000000.0,2018,6184,2011.0,2021.0,0,0,0,0,1,0
236,J.P. Arencibia,27.9,TOR,TEX,1800000.0,2014,697,2010.0,2015.0,1,0,0,0,0,0
237,J.T. Realmuto,29.8,PHI,PHI,23100000.0,2021,11739,2014.0,2021.0,0,0,0,1,0,0
238,Jack Hannahan,32.8,CLE,CIN,2000000.0,2013,3692,2006.0,2014.0,1,0,0,0,0,0
239,Jack Wilson,34.0,ATL,ATL,1000000.0,2012,1017,2001.0,2012.0,0,1,0,0,0,0
240,Jacoby Ellsbury,30.2,BOS,NYY,21857143.0,2014,4727,2007.0,2017.0,0,0,0,0,0,0
241,Jaff Decker,25.0,PIT,TB,525000.0,2016,7945,2013.0,2017.0,0,0,0,0,0,0
242,Jake Lamb,30.3,OAK,ATL,1000000.0,2021,13329,2014.0,2021.0,1,0,0,0,0,0
243,Jake Marisnick,29.8,NYM,CHC,1500000.0,2021,11339,2013.0,2021.0,0,0,0,0,0,0
244,James Loney,29.6,TB,TB,7000000.0,2014,4556,2006.0,2016.0,1,0,0,0,0,0
245,James Loney,28.5,BOS,TB,2000000.0,2013,4556,2006.0,2016.0,1,0,0,0,0,0
246,James McCann,28.5,DET,CHW,2500000.0,2019,12859,2014.0,2021.0,0,0,0,1,0,0
247,James McCann,30.4,CHW,NYM,10150000.0,2021,12859,2014.0,2021.0,0,0,0,1,0,0
248,Jamey Carroll,37.7,LAD,MIN,3250000.0,2012,1591,2002.0,2013.0,0,1,0,0,0,0
249,Jarrod Dyson,35.4,ARI,PIT,2000000.0,2020,4866,2010.0,2021.0,0,0,0,0,0,0
250,Jarrod Dyson,33.5,SEA,ARI,3750000.0,2018,4866,2010.0,2021.0,0,0,0,0,0,0
251,Jarrod Dyson,36.5,CHW,KC,1500000.0,2021,4866,2010.0,2021.0,0,0,0,0,0,0
252,Jarrod Saltalamacchia,30.8,ARI,DET,507500.0,2016,5557,2007.0,2018.0,0,0,0,1,0,0
253,Jarrod Saltalamacchia,28.8,BOS,MIA,7000000.0,2014,5557,2007.0,2018.0,0,0,0,1,0,0
254,Jason Bay,34.2,NYM,SEA,1000000.0,2013,1717,2003.0,2013.0,0,0,0,0,0,0
255,Jason Castro,29.4,HOU,MIN,8166667.0,2017,8722,2010.0,2021.0,0,0,0,1,0,0
256,Jason Castro,33.6,SD,HOU,3500000.0,2021,8722,2010.0,2021.0,0,0,0,1,0,0
257,Jason Castro,32.5,MIN,LAA,6850000.0,2020,8722,2010.0,2021.0,0,0,0,1,0,0
258,Jason Giambi,42.1,COL,CLE,750000.0,2013,818,1995.0,2014.0,0,0,0,0,1,0
259,Jason Heyward,26.3,STL,CHC,23000000.0,2016,4940,2010.0,2021.0,0,0,0,0,0,0
260,Jason Kubel,31.5,CLE,MIN,2000000.0,2014,2161,2004.0,2014.0,0,0,0,0,0,0
261,Javier Baez,28.9,NYM,DET,23333333.0,2022,12979,2014.0,2021.0,0,0,0,0,0,1
262,Jay Bruce,30.8,CLE,NYM,13000000.0,2018,9892,2008.0,2021.0,0,0,0,0,0,0
263,Jayson Nix,32.4,KC,BAL,750000.0,2015,3790,2008.0,2014.0,0,1,0,0,0,0
264,Jed Lowrie,30.6,OAK,HOU,7666667.0,2015,4418,2008.0,2021.0,0,1,0,0,0,0
265,Jed Lowrie,34.7,OAK,NYM,10000000.0,2019,4418,2008.0,2021.0,0,1,0,0,0,0
266,Jedd Gyorko,31.2,LAD,MIL,2000000.0,2020,10816,2013.0,2020.0,0,0,1,0,0,0
267,Jeff Baker,31.6,ATL,TEX,1750000.0,2013,2073,2005.0,2015.0,1,0,0,0,0,0
268,Jeff Baker,32.6,TEX,MIA,1850000.0,2014,2073,2005.0,2015.0,1,0,0,0,0,0
269,Jeff Francoeur,32.1,PHI,ATL,1000000.0,2016,4792,2005.0,2016.0,0,0,0,0,0,0
270,Jeff Francoeur,30.2,CLE,SD,925000.0,2014,4792,2005.0,2016.0,0,0,0,0,0,0
271,Jeff Keppinger,32.6,TB,CHW,4000000.0,2013,3856,2004.0,2013.0,0,0,1,0,0,0
272,Jeff Mathis,32.7,MIA,MIA,1500000.0,2016,3448,2005.0,2021.0,0,0,0,1,0,0
273,Jeff Mathis,37.8,TEX,PHI,1800000.0,2021,3448,2005.0,2021.0,0,0,0,1,0,0
274,Jeff Mathis,33.7,MIA,ARI,2000000.0,2017,3448,2005.0,2021.0,0,0,0,1,0,0
275,Jhonny Peralta,31.4,DET,STL,13250000.0,2014,1738,2003.0,2017.0,0,0,1,0,0,0
276,Jim Thome,41.2,CLE,PHI,1250000.0,2012,409,1991.0,2012.0,0,0,0,0,1,0
277,Jimmy Rollins,37.2,LAD,CHW,2000000.0,2016,971,2000.0,2016.0,0,0,0,0,0,1
278,Joc Pederson,28.8,LAD,CHC,7000000.0,2021,11899,2014.0,2021.0,0,0,0,0,0,0
279,Johan Camargo,27.9,ATL,PHI,1400000.0,2022,14950,2017.0,2021.0,0,0,1,0,0,0
280,John Baker,33.0,LAD,CHC,875000.0,2014,4756,2008.0,2014.0,0,0,0,1,0,0
281,John Jaso,32.2,TB,PIT,4000000.0,2016,5887,2008.0,2017.0,0,0,0,0,0,0
282,John McDonald,39.2,BOS,LAA,850000.0,2014,395,1999.0,2014.0,0,0,0,0,0,1
283,Johnny Damon,38.4,TB,CLE,1250000.0,2012,185,1995.0,2012.0,0,0,0,0,0,0
284,Jon Jay,33.8,ARI,CHW,4000000.0,2019,5227,2010.0,2021.0,0,0,0,0,0,0
285,Jon Jay,31.7,SD,CHC,8000000.0,2017,5227,2010.0,2021.0,0,0,0,0,0,0
286,Jonathan Herrera,30.1,BOS,CHC,900000.0,2015,4182,2008.0,2015.0,0,0,0,0,0,1
287,Jonathan Lucroy,31.7,COL,OAK,6500000.0,2018,7870,2010.0,2021.0,0,0,0,1,0,0
288,Jonathan Schoop,28.2,MIN,DET,6100000.0,2020,11265,2013.0,2021.0,0,1,0,0,0,0
289,Jonathan Schoop,27.1,MIL,MIN,7500000.0,2019,11265,2013.0,2021.0,0,1,0,0,0,0
290,Jonathan Schoop,29.2,DET,DET,4500000.0,2021,11265,2013.0,2021.0,0,1,0,0,0,0
291,Jonathan Villar,29.8,TOR,NYM,3550000.0,2021,10071,2013.0,2021.0,0,0,0,0,0,1
292,Jonny Gomes,34.2,OAK,ATL,4000000.0,2015,1845,2003.0,2015.0,0,0,0,0,0,0
293,Jonny Gomes,32.0,OAK,BOS,5000000.0,2013,1845,2003.0,2015.0,0,0,0,0,0,0
294,Jonny Gomes,31.1,WSH,OAK,1000000.0,2012,1845,2003.0,2015.0,0,0,0,0,0,0
295,Jordan Pacheco,28.8,ARI,ARI,900000.0,2015,2677,2011.0,2016.0,0,0,1,0,0,0
296,Jordan Pacheco,29.9,ARI,CIN,800000.0,2016,2677,2011.0,2016.0,0,0,1,0,0,0
297,Jordy Mercer,32.2,PIT,DET,5250000.0,2019,6547,2012.0,2021.0,0,0,0,0,0,1
298,Jose Bautista,36.2,TOR,TOR,18500000.0,2017,1887,2004.0,2018.0,0,0,0,0,0,0
299,Jose Bautista,37.6,ATL,NYM,545000.0,2018,1887,2004.0,2018.0,0,0,0,0,0,0
300,Jose Lopez,28.0,MIA,CLE,800000.0,2012,3114,2004.0,2012.0,0,0,1,0,0,0
301,Jose Molina,36.4,TOR,TB,1800000.0,2012,25,1999.0,2014.0,0,0,0,1,0,0
302,Jose Molina,38.4,TB,TB,2250000.0,2014,25,1999.0,2014.0,0,0,0,1,0,0
303,Jose Peraza,25.6,CIN,BOS,2850000.0,2020,13593,2015.0,2021.0,0,0,0,0,0,1
304,Jose Reyes,34.6,NYM,NYM,2000000.0,2018,1736,2003.0,2018.0,0,0,0,0,0,1
305,Jose Reyes,28.4,NYM,MIA,17666667.0,2012,1736,2003.0,2018.0,0,0,0,0,0,1
306,Jose Reyes,33.0,COL,NYM,507500.0,2016,1736,2003.0,2018.0,0,0,0,0,0,1
307,Josh Donaldson,34.1,ATL,MIN,23000000.0,2020,5038,2010.0,2021.0,0,0,1,0,0,0
308,Josh Donaldson,32.9,CLE,ATL,23000000.0,2019,5038,2010.0,2021.0,0,0,1,0,0,0
309,Josh Hamilton,31.5,TEX,LAA,25000000.0,2013,1875,2007.0,2015.0,0,0,0,0,0,0
310,Josh Harrison,31.6,PIT,DET,2000000.0,2019,8202,2011.0,2021.0,0,1,0,0,0,0
311,Josh Reddick,29.7,LAD,HOU,13000000.0,2017,3892,2009.0,2021.0,0,0,0,0,0,0
312,Josh Thole,29.1,TOR,TOR,800000.0,2016,9689,2009.0,2016.0,0,0,0,1,0,0
313,Josh Willingham,32.8,OAK,MIN,7000000.0,2012,2103,2004.0,2014.0,0,0,0,0,0,0
314,Juan Pierre,34.4,CHW,PHI,800000.0,2012,443,2000.0,2013.0,0,0,0,0,0,0
315,Juan Rivera,33.3,LAD,LAD,4500000.0,2012,843,2001.0,2012.0,0,0,0,0,0,0
316,Juan Uribe,34.7,LAD,LAD,7500000.0,2014,454,2001.0,2016.0,0,0,1,0,0,0
317,Juan Uribe,36.8,NYM,CLE,4000000.0,2016,454,2001.0,2016.0,0,0,1,0,0,0
318,Jurickson Profar,27.9,SD,SD,7000000.0,2021,10815,2012.0,2021.0,0,0,0,0,0,0
319,Justin Bour,30.5,PHI,LAA,2500000.0,2019,9744,2014.0,2019.0,1,0,0,0,0,0
320,Justin Maxwell,31.0,KC,SF,1000000.0,2015,6827,2007.0,2015.0,0,0,0,0,0,0
321,Justin Morneau,35.0,COL,CHW,1000000.0,2016,1737,2003.0,2016.0,1,0,0,0,0,0
322,Justin Morneau,32.5,PIT,COL,6250000.0,2014,1737,2003.0,2016.0,1,0,0,0,0,0
323,Justin Ruggiano,33.7,LAD,TEX,1650000.0,2016,7620,2007.0,2017.0,0,0,0,0,0,0
324,Justin Smoak,27.9,TOR,TOR,1000000.0,2015,9054,2010.0,2020.0,1,0,0,0,0,0
325,Justin Smoak,33.0,TOR,MIL,5000000.0,2020,9054,2010.0,2020.0,1,0,0,0,0,0
326,Justin Turner,32.0,LAD,LAD,16000000.0,2017,5235,2009.0,2021.0,0,0,1,0,0,0
327,Justin Turner,36.2,LAD,LAD,17000000.0,2021,5235,2009.0,2021.0,0,0,1,0,0,0
328,Justin Turner,29.2,NYM,LAD,1000000.0,2014,5235,2009.0,2021.0,0,0,1,0,0,0
329,Justin Upton,28.3,SD,DET,22125000.0,2016,5222,2007.0,2021.0,0,0,0,0,0,0
330,Kelly Johnson,31.8,TB,NYY,3000000.0,2014,2234,2005.0,2016.0,0,1,0,0,0,0
331,Kelly Johnson,33.8,NYM,ATL,2000000.0,2016,2234,2005.0,2016.0,0,1,0,0,0,0
332,Kelly Johnson,30.9,TOR,TB,2450000.0,2013,2234,2005.0,2016.0,0,1,0,0,0,0
333,Kelly Johnson,32.9,BAL,ATL,1500000.0,2015,2234,2005.0,2016.0,0,1,0,0,0,0
334,Kelly Shoppach,32.8,NYM,SEA,1500000.0,2013,3867,2005.0,2013.0,0,0,0,1,0,0
335,Kendrys Morales,31.4,SEA,KC,8500000.0,2015,8610,2006.0,2019.0,0,0,0,0,1,0
336,Kendrys Morales,33.3,KC,TOR,11000000.0,2017,8610,2006.0,2019.0,0,0,0,0,1,0
337,Kendrys Morales,30.9,SEA,MIN,7540983.0,2014,8610,2006.0,2019.0,0,0,0,0,1,0
338,Kevin Frandsen,31.8,PHI,WSH,900000.0,2014,7528,2006.0,2015.0,0,0,1,0,0,0
339,Kevin Kouzmanoff,30.4,NYM,KC,1000000.0,2012,5995,2006.0,2014.0,0,0,1,0,0,0
340,Kevin Pillar,31.1,SF,BOS,4250000.0,2020,12434,2013.0,2021.0,0,0,0,0,0,0
341,Kevin Pillar,32.1,COL,NYM,3250000.0,2021,12434,2013.0,2021.0,0,0,0,0,0,0
342,Kevin Plawecki,28.8,CLE,BOS,900000.0,2020,13807,2015.0,2021.0,0,0,0,1,0,0
343,Kevin Youkilis,33.7,CHW,NYY,12000000.0,2013,1935,2004.0,2013.0,0,0,1,0,0,0
344,Kole Calhoun,32.2,LAA,ARI,8000000.0,2020,11200,2012.0,2021.0,0,0,0,0,0,0
345,Kole Calhoun,34.1,ARI,TEX,5200000.0,2022,11200,2012.0,2021.0,0,0,0,0,0,0
346,Kolten Wong,30.2,STL,MIL,9000000.0,2021,12532,2013.0,2021.0,0,1,0,0,0,0
347,Kurt Suzuki,30.2,OAK,MIN,2750000.0,2014,8259,2007.0,2021.0,0,0,0,1,0,0
348,Kurt Suzuki,35.1,ATL,WSH,5000000.0,2019,8259,2007.0,2021.0,0,0,0,1,0,0
349,Kurt Suzuki,33.2,MIN,ATL,1500000.0,2017,8259,2007.0,2021.0,0,0,0,1,0,0
350,Kurt Suzuki,37.2,WSH,LAA,1500000.0,2021,8259,2007.0,2021.0,0,0,0,1,0,0
351,Kyle Blanks,28.2,OAK,TEX,1000000.0,2015,49,2009.0,2015.0,0,0,0,0,0,0
352,Kyle Schwarber,27.8,CHC,WSH,10000000.0,2021,16478,2015.0,2021.0,0,0,0,0,0,0
353,Lance Berkman,36.8,STL,TEX,11000000.0,2013,548,1999.0,2013.0,0,0,0,0,1,0
354,Laynce Nix,31.1,WSH,PHI,1250000.0,2012,1766,2003.0,2013.0,0,0,0,0,0,0
355,Leury Garcia,30.7,CHW,CHW,5500000.0,2022,5913,2013.0,2021.0,0,1,0,0,0,0
356,Logan Morrison,30.5,TB,MIN,6500000.0,2018,9205,2010.0,2020.0,0,0,0,0,1,0
357,Lonnie Chisenhall,30.1,CLE,PIT,2750000.0,2019,7571,2011.0,2018.0,0,0,0,0,0,0
358,Lorenzo Cain,31.8,KC,MIL,16000000.0,2018,9077,2010.0,2021.0,0,0,0,0,0,0
359,Lucas Duda,32.0,TB,KC,3500000.0,2018,2502,2010.0,2019.0,1,0,0,0,0,0
360,Luis Valbuena,31.1,HOU,LAA,7500000.0,2017,4969,2008.0,2018.0,0,0,1,0,0,0
361,Luke Maile,28.8,TOR,PIT,900000.0,2020,13355,2015.0,2021.0,0,0,0,1,0,0
362,Luke Scott,34.6,TB,TB,2750000.0,2013,3469,2005.0,2013.0,0,0,0,0,1,0
363,Luke Scott,33.5,BAL,TB,6000000.0,2012,3469,2005.0,2013.0,0,0,0,0,1,0
364,Lyle Overbay,36.9,NYY,MIL,1500000.0,2014,1617,2001.0,2014.0,1,0,0,0,0,0
365,Lyle Overbay,36.0,ATL,BOS,1250000.0,2013,1617,2001.0,2014.0,1,0,0,0,0,0
366,Maicer Izturis,32.1,LAA,TOR,3333333.0,2013,2437,2004.0,2014.0,0,1,0,0,0,0
367,Maikel Franco,28.5,KC,BAL,800000.0,2021,12179,2014.0,2021.0,0,0,1,0,0,0
368,Maikel Franco,27.2,PHI,KC,2950000.0,2020,12179,2014.0,2021.0,0,0,1,0,0,0
369,Manny Machado,26.6,LAD,SD,30000000.0,2019,11493,2012.0,2021.0,0,0,1,0,0,0
370,Marcell Ozuna,30.2,ATL,ATL,16250000.0,2021,10324,2013.0,2021.0,0,0,0,0,0,0
371,Marcell Ozuna,29.2,STL,ATL,18000000.0,2020,10324,2013.0,2021.0,0,0,0,0,0,0
372,Marco Hernandez,27.2,BOS,BOS,650000.0,2020,13154,2016.0,2019.0,0,0,1,0,0,0
373,Marco Scutaro,37.1,SF,SF,6666667.0,2013,1555,2002.0,2014.0,0,1,0,0,0,0
374,Marcus Semien,30.3,OAK,TOR,18000000.0,2021,12533,2013.0,2021.0,0,1,0,0,0,0
375,Marcus Semien,31.2,TOR,TEX,25000000.0,2022,12533,2013.0,2021.0,0,1,0,0,0,0
376,Mark Canha,32.8,OAK,NYM,13250000.0,2022,11445,2015.0,2021.0,0,0,0,0,0,0
377,Mark Derosa,36.8,SF,WSH,800000.0,2012,1392,1998.0,2013.0,0,0,1,0,0,0
378,Mark Derosa,37.8,WSH,TOR,750000.0,2013,1392,1998.0,2013.0,0,0,1,0,0,0
379,Mark Ellis,34.4,COL,LAD,4375000.0,2012,1443,2002.0,2014.0,0,1,0,0,0,0
380,Mark Ellis,36.5,LAD,STL,5250000.0,2014,1443,2002.0,2014.0,0,1,0,0,0,0
381,Mark Reynolds,30.4,NYY,MIL,2000000.0,2014,7619,2007.0,2019.0,0,0,1,0,0,0
382,Mark Reynolds,31.3,MIL,STL,2000000.0,2015,7619,2007.0,2019.0,0,0,1,0,0,0
383,Mark Trumbo,31.0,BAL,BAL,12500000.0,2017,6876,2010.0,2019.0,0,0,0,0,1,0
384,Marlon Byrd,38.5,SF,CLE,1000000.0,2016,950,2002.0,2016.0,0,0,0,0,0,0
385,Marlon Byrd,36.2,PIT,PHI,8000000.0,2014,950,2002.0,2016.0,0,0,0,0,0,0
386,Marlon Byrd,35.4,BOS,NYM,700000.0,2013,950,2002.0,2016.0,0,0,0,0,0,0
387,Martin Maldonado,32.5,HOU,KC,2500000.0,2019,6887,2011.0,2021.0,0,0,0,1,0,0
388,Martin Maldonado,33.3,HOU,HOU,3500000.0,2020,6887,2011.0,2021.0,0,0,0,1,0,0
389,Marwin Gonzalez,29.9,HOU,MIN,10500000.0,2019,5497,2012.0,2021.0,0,0,1,0,0,0
390,Marwin Gonzalez,31.8,MIN,BOS,3000000.0,2021,5497,2012.0,2021.0,0,0,1,0,0,0
391,Matt Adams,30.2,STL,WSH,4000000.0,2019,9393,2012.0,2021.0,1,0,0,0,0,0
392,Matt Adams,29.2,ATL,WSH,4000000.0,2018,9393,2012.0,2021.0,1,0,0,0,0,0
393,Matt Diaz,34.8,ATL,NYY,1200000.0,2013,1771,2003.0,2013.0,0,0,0,0,0,0
394,Matt Holliday,36.8,STL,NYY,13000000.0,2017,1873,2004.0,2018.0,0,0,0,0,0,0
395,Matt Joyce,35.4,ATL,MIA,1500000.0,2020,3353,2008.0,2021.0,0,0,0,0,0,0
396,Matt Joyce,31.5,LAA,PIT,1000000.0,2016,3353,2008.0,2021.0,0,0,0,0,0,0
397,Matt Joyce,32.2,PIT,OAK,5500000.0,2017,3353,2008.0,2021.0,0,0,0,0,0,0
398,Matt Wieters,33.6,STL,STL,2000000.0,2020,4298,2009.0,2020.0,0,0,0,1,0,0
399,Melky Cabrera,30.3,TOR,CHW,14000000.0,2015,4022,2005.0,2019.0,0,0,0,0,0,0
400,Melky Cabrera,28.2,SF,TOR,8000000.0,2013,4022,2005.0,2019.0,0,0,0,0,0,0
401,Michael Bourn,30.1,ATL,CLE,12000000.0,2013,6387,2006.0,2016.0,0,0,0,0,0,0
402,Michael Brantley,33.7,HOU,HOU,16000000.0,2021,4106,2009.0,2021.0,0,0,0,0,0,0
403,Michael Brantley,31.6,CLE,HOU,16000000.0,2019,4106,2009.0,2021.0,0,0,0,0,0,0
404,Michael Cuddyer,32.7,MIN,COL,10500000.0,2012,1534,2001.0,2015.0,0,0,0,0,0,0
405,Michael Hermosillo,26.8,CHC,CHC,600000.0,2022,16285,2018.0,2021.0,0,0,0,0,0,0
406,Michael Taylor,29.7,WSH,KC,1750000.0,2021,11489,2014.0,2021.0,0,0,0,0,0,0
407,Miguel Montero,34.5,TOR,WSH,1300000.0,2018,3364,2006.0,2018.0,0,0,0,1,0,0
408,Miguel Tejada,38.6,BAL,KC,1100000.0,2013,941,1997.0,2013.0,0,1,0,0,0,0
409,Mike Aviles,34.8,CLE,DET,2000000.0,2016,5986,2008.0,2017.0,0,0,1,0,0,0
410,Mike Baxter,28.9,NYM,LAD,700000.0,2014,4464,2010.0,2015.0,0,0,0,0,0,0
411,Mike Morse,31.7,BAL,SF,6000000.0,2014,3035,2005.0,2017.0,0,0,0,0,0,0
412,Mike Morse,32.7,SF,MIA,8000000.0,2015,3035,2005.0,2017.0,0,0,0,0,0,0
413,Mike Moustakas,29.4,KC,KC,6500000.0,2018,4892,2011.0,2021.0,0,0,1,0,0,0
414,Mike Moustakas,30.4,MIL,MIL,10000000.0,2019,4892,2011.0,2021.0,0,0,1,0,0,0
415,Mike Moustakas,31.2,MIL,CIN,16000000.0,2020,4892,2011.0,2021.0,0,0,1,0,0,0
416,Mike Napoli,31.2,TEX,BOS,5000000.0,2013,3057,2006.0,2017.0,1,0,0,0,0,0
417,Mike Napoli,35.2,CLE,TEX,8500000.0,2017,3057,2006.0,2017.0,1,0,0,0,0,0
418,Mike Napoli,34.1,TEX,CLE,7000000.0,2016,3057,2006.0,2017.0,1,0,0,0,0,0
419,Mike Napoli,32.1,BOS,BOS,16000000.0,2014,3057,2006.0,2017.0,1,0,0,0,0,0
420,Mike Zunino,29.7,TB,TB,3000000.0,2021,13265,2013.0,2021.0,0,0,0,1,0,0
421,Mitch Moreland,35.4,SD,OAK,2250000.0,2021,3086,2010.0,2021.0,1,0,0,0,0,0
422,Mitch Moreland,32.2,BOS,BOS,6500000.0,2018,3086,2010.0,2021.0,1,0,0,0,0,0
423,Mitch Moreland,31.2,TEX,BOS,5500000.0,2017,3086,2010.0,2021.0,1,0,0,0,0,0
424,Mitch Moreland,34.3,BOS,BOS,3000000.0,2020,3086,2010.0,2021.0,1,0,0,0,0,0
425,Nate McLouth,31.1,BAL,BAL,2000000.0,2013,3190,2005.0,2014.0,0,0,0,0,0,0
426,Nate McLouth,32.1,BAL,WSH,5375000.0,2014,3190,2005.0,2014.0,0,0,0,0,0,0
427,Nate Schierholtz,30.9,WSH,TEX,1750000.0,2015,6201,2007.0,2014.0,0,0,0,0,0,0
428,Nate Schierholtz,28.8,PHI,CHC,2250000.0,2013,6201,2007.0,2014.0,0,0,0,0,0,0
429,Neil Walker,33.3,NYY,MIA,2000000.0,2019,7539,2009.0,2020.0,0,1,0,0,0,0
430,Neil Walker,32.5,MIL,NYY,4000000.0,2018,7539,2009.0,2020.0,0,1,0,0,0,0
431,Nelson Cruz,38.4,SEA,MIN,14300000.0,2019,2434,2005.0,2021.0,0,0,0,0,1,0
432,Nelson Cruz,33.6,TEX,BAL,8000000.0,2014,2434,2005.0,2021.0,0,0,0,0,1,0
433,Nelson Cruz,40.6,MIN,MIN,13000000.0,2021,2434,2005.0,2021.0,0,0,0,0,1,0
434,Nelson Cruz,34.4,BAL,SEA,14250000.0,2015,2434,2005.0,2021.0,0,0,0,0,1,0
435,Nick Castellanos,27.8,CHC,CIN,16000000.0,2020,11737,2013.0,2021.0,0,0,0,0,0,0
436,Nick Hundley,33.3,COL,SF,2000000.0,2017,3376,2008.0,2019.0,0,0,0,1,0,0
437,Nick Hundley,34.2,SF,SF,2500000.0,2018,3376,2008.0,2019.0,0,0,0,1,0,0
438,Nick Hundley,31.2,BAL,COL,3125000.0,2015,3376,2008.0,2019.0,0,0,0,1,0,0
439,Nick Markakis,35.2,ATL,ATL,6000000.0,2019,5930,2006.0,2020.0,0,0,0,0,0,0
440,Nick Markakis,31.0,BAL,ATL,11000000.0,2015,5930,2006.0,2020.0,0,0,0,0,0,0
441,Nick Punto,36.0,LAD,OAK,3000000.0,2014,1429,2001.0,2014.0,0,0,0,0,0,1
442,Nick Punto,37.1,OAK,ARI,507500.0,2015,1429,2001.0,2014.0,0,0,0,0,0,1
443,Nick Swisher,32.0,NYY,CLE,14000000.0,2013,4599,2004.0,2015.0,0,0,0,0,0,0
444,Nomar Mazara,25.8,CHW,DET,1750000.0,2021,14553,2016.0,2021.0,0,0,0,0,0,0
445,Omar Infante,31.9,DET,KC,7562500.0,2014,1609,2002.0,2016.0,0,1,0,0,0,0
446,Omar Infante,29.8,MIA,MIA,4000000.0,2012,1609,2002.0,2016.0,0,1,0,0,0,0
447,Omar Quintanilla,32.2,NYM,NYM,800000.0,2014,6335,2005.0,2014.0,0,0,0,0,0,1
448,Pablo Sandoval,28.2,SF,BOS,19000000.0,2015,5409,2008.0,2021.0,0,0,1,0,0,0
449,Paul Konerko,37.7,CHW,CHW,2500000.0,2014,242,1997.0,2014.0,1,0,0,0,0,0
450,Pedro Alvarez,29.1,PIT,BAL,5750000.0,2016,2495,2010.0,2018.0,1,0,0,0,0,0
451,Pedro Alvarez,30.1,BAL,BAL,2000000.0,2017,2495,2010.0,2018.0,1,0,0,0,0,0
452,Pedro Severino,28.3,BAL,MIL,1900000.0,2022,14523,2015.0,2021.0,0,0,0,1,0,0
453,Peter Bourjos,30.9,CHC,ATL,1000000.0,2018,2578,2010.0,2019.0,0,0,0,0,0,0
454,Placido Polanco,37.2,PHI,MIA,2750000.0,2013,1176,1998.0,2013.0,0,0,1,0,0,0
455,Prince Fielder,27.7,MIL,DET,23777778.0,2012,4613,2005.0,2016.0,0,0,0,0,1,0
456,Rafael Furcal,34.1,STL,STL,7000000.0,2012,88,2000.0,2014.0,0,0,0,0,0,1
457,Rafael Furcal,36.1,STL,MIA,3500000.0,2014,88,2000.0,2014.0,0,0,0,0,0,1
458,Rajai Davis,35.1,DET,CLE,5250000.0,2016,3708,2006.0,2019.0,0,0,0,0,0,0
459,Rajai Davis,33.1,TOR,DET,5000000.0,2014,3708,2006.0,2019.0,0,0,0,0,0,0
460,Rajai Davis,36.2,CLE,OAK,6000000.0,2017,3708,2006.0,2019.0,0,0,0,0,0,0
461,Ramon Hernandez,35.5,CIN,COL,3200000.0,2012,918,1999.0,2013.0,0,0,0,1,0,0
462,Ramon Santiago,35.4,CIN,TOR,1100000.0,2015,1417,2002.0,2014.0,0,1,0,0,0,0
463,Ramon Santiago,32.2,DET,DET,2000000.0,2012,1417,2002.0,2014.0,0,1,0,0,0,0
464,Ramon Santiago,34.3,DET,CIN,1100000.0,2014,1417,2002.0,2014.0,0,1,0,0,0,0
465,Raul Ibanez,40.5,NYY,SEA,2750000.0,2013,607,1996.0,2014.0,0,0,0,0,1,0
466,Raul Ibanez,41.5,SEA,LAA,2750000.0,2014,607,1996.0,2014.0,0,0,0,0,1,0
467,Raul Ibanez,39.7,PHI,NYY,1100000.0,2012,607,1996.0,2014.0,0,0,0,0,1,0
468,Reed Johnson,35.0,CHC,CHC,1150000.0,2012,1702,2003.0,2015.0,0,0,0,0,0,0
469,Reed Johnson,37.1,ATL,MIA,1000000.0,2014,1702,2003.0,2015.0,0,0,0,0,0,0
470,Reed Johnson,35.9,ATL,ATL,1750000.0,2013,1702,2003.0,2015.0,0,0,0,0,0,0
471,Rene Rivera,34.4,CHC,LAA,2800000.0,2018,3648,2004.0,2021.0,0,0,0,1,0,0
472,Rick Ankiel,32.5,WSH,WSH,1250000.0,2012,1142,1999.0,2013.0,0,0,0,0,0,0
473,Rickie Weeks,32.3,MIL,SEA,2000000.0,2015,1849,2003.0,2017.0,1,0,0,0,0,0
474,Robbie Grossman,29.3,MIN,OAK,2000000.0,2019,5254,2013.0,2021.0,0,0,0,0,0,0
475,Robbie Grossman,31.2,OAK,DET,5000000.0,2021,5254,2013.0,2021.0,0,0,0,0,0,0
476,Robert Andino,28.6,SEA,SEA,1600000.0,2013,4900,2005.0,2016.0,0,0,0,0,0,0
477,Roberto Perez,32.9,CLE,PIT,5000000.0,2022,2900,2014.0,2021.0,0,0,0,1,0,0
478,Robinson Cano,31.1,NYY,SEA,24000000.0,2014,3269,2005.0,2020.0,0,1,0,0,0,0
479,Robinson Chirinos,34.4,TEX,HOU,5750000.0,2019,3142,2011.0,2021.0,0,0,0,1,0,0
480,Robinson Chirinos,35.6,HOU,TEX,6750000.0,2020,3142,2011.0,2021.0,0,0,0,1,0,0
481,Rod Barajas,36.2,LAD,PIT,4000000.0,2012,45,1999.0,2012.0,0,0,0,1,0,0
482,Rod Barajas,37.4,PIT,ARI,8000000.0,2013,45,1999.0,2012.0,0,0,0,1,0,0
483,Roger Bernadina,31.6,COL,NYM,750000.0,2016,6421,2008.0,2014.0,0,0,0,0,0,0
484,Ronny Cedeno,28.9,PIT,NYM,1150000.0,2012,2179,2005.0,2014.0,0,0,0,0,0,1
485,Ronny Cedeno,29.9,NYM,STL,1150000.0,2013,2179,2005.0,2014.0,0,0,0,0,0,1
486,Ronny Paulino,30.8,NYM,BAL,1000000.0,2012,2129,2005.0,2012.0,0,0,0,1,0,0
487,Ruben Tejada,26.3,NYM,STL,1500000.0,2016,5519,2010.0,2019.0,0,0,0,0,0,1
488,Russell Martin,31.8,PIT,TOR,16400000.0,2015,4616,2006.0,2019.0,0,0,0,1,0,0
489,Russell Martin,29.8,NYY,PIT,8500000.0,2013,4616,2006.0,2019.0,0,0,0,1,0,0
490,Ryan Flaherty,31.6,PHI,ATL,750000.0,2018,7888,2012.0,2019.0,0,0,1,0,0,0
491,Ryan Kalish,25.8,BOS,CHC,550000.0,2014,6962,2010.0,2016.0,0,0,0,0,0,0
492,Ryan Ludwick,36.5,CIN,TEX,1750000.0,2015,1260,2002.0,2014.0,0,0,0,0,0,0
493,Ryan Ludwick,34.3,CIN,CIN,7500000.0,2013,1260,2002.0,2014.0,0,0,0,0,0,0
494,Ryan Ludwick,33.5,PIT,CIN,3000000.0,2012,1260,2002.0,2014.0,0,0,0,0,0,0
495,Ryan Raburn,34.8,CLE,CLE,1500000.0,2016,2218,2004.0,2017.0,0,0,0,0,0,0
496,Ryan Raburn,31.8,DET,CLE,1000000.0,2013,2218,2004.0,2017.0,0,0,0,0,0,0
497,Ryan Theriot,31.0,STL,SF,3300000.0,2012,3811,2005.0,2012.0,0,1,0,0,0,0
498,Ryan Zimmerman,36.2,WSH,WSH,1000000.0,2021,4220,2005.0,2021.0,1,0,0,0,0,0
499,Ryan Zimmerman,35.2,WSH,WSH,2000000.0,2020,4220,2005.0,2021.0,1,0,0,0,0,0
500,Ryon Healy,27.9,SEA,MIL,1000000.0,2020,15447,2016.0,2020.0,1,0,0,0,0,0
501,Sam Fuld,32.2,TB,OAK,800000.0,2014,8254,2007.0,2015.0,0,0,0,0,0,0
502,Scott Hairston,31.6,NYM,NYM,1100000.0,2012,1926,2004.0,2014.0,0,0,0,0,0,0
503,Scott Hairston,32.6,NYM,CHC,2500000.0,2013,1926,2004.0,2014.0,0,0,0,0,0,0
504,Scott Heineman,27.9,TEX,TEX,595000.0,2021,14453,2019.0,2021.0,0,0,0,0,0,0
505,Sean Rodriguez,31.5,PIT,ATL,5750000.0,2017,6589,2008.0,2020.0,0,1,0,0,0,0
506,Sean Rodriguez,30.6,PIT,PIT,2500000.0,2016,6589,2008.0,2020.0,0,1,0,0,0,0
507,Shane Robinson,30.1,STL,MIN,550000.0,2015,4249,2009.0,2018.0,0,0,0,0,0,0
508,Shane Victorino,32.0,LAD,BOS,13000000.0,2013,1677,2003.0,2015.0,0,0,0,0,0,0
509,Shane Victorino,35.2,LAA,CHC,1000000.0,2016,1677,2003.0,2015.0,0,0,0,0,0,0
510,Shin-Soo Choo,31.4,CIN,TEX,18571429.0,2014,3174,2005.0,2020.0,0,0,0,0,1,0
511,Skip Schumaker,33.8,LAD,CIN,2500000.0,2014,3704,2005.0,2015.0,0,0,0,0,0,0
512,Skip Schumaker,36.0,CIN,SD,1250000.0,2016,3704,2005.0,2015.0,0,0,0,0,0,0
513,Starlin Castro,29.8,MIA,WSH,6000000.0,2020,4579,2010.0,2021.0,0,1,0,0,0,0
514,Starling Marte,33.1,OAK,NYM,19500000.0,2022,9241,2012.0,2021.0,0,0,0,0,0,0
515,Stephen Drew,31.8,NYY,NYY,5000000.0,2015,4251,2006.0,2017.0,0,1,0,0,0,0
516,Stephen Drew,32.8,NYY,WSH,3000000.0,2016,4251,2006.0,2017.0,0,1,0,0,0,0
517,Stephen Drew,33.8,WSH,WSH,3500000.0,2017,4251,2006.0,2017.0,0,1,0,0,0,0
518,Stephen Drew,29.8,OAK,BOS,9500000.0,2013,4251,2006.0,2017.0,0,1,0,0,0,0
519,Stephen Drew,31.2,BOS,BOS,10093443.0,2014,4251,2006.0,2017.0,0,1,0,0,0,0
520,Stephen Vogt,35.0,SF,ARI,3000000.0,2020,5000,2012.0,2021.0,0,0,0,1,0,0
521,Steven Souza,30.8,ARI,CHC,1000000.0,2020,5667,2014.0,2021.0,0,0,0,0,0,0
522,Taylor Teagarden,30.0,BAL,NYM,725000.0,2014,5199,2008.0,2015.0,0,0,0,1,0,0
523,Tim Beckham,28.9,BAL,SEA,1750000.0,2019,7949,2013.0,2019.0,0,0,1,0,0,0
524,Todd Frazier,33.9,NYM,TEX,5000000.0,2020,785,2011.0,2021.0,0,0,1,0,0,0
525,Todd Frazier,31.9,NYY,NYM,8500000.0,2018,785,2011.0,2021.0,0,0,1,0,0,0
526,Torii Hunter,37.2,LAA,DET,13000000.0,2013,731,1997.0,2015.0,0,0,0,0,0,0
527,Torii Hunter,39.3,DET,MIN,10500000.0,2015,731,1997.0,2015.0,0,0,0,0,0,0
528,Travis Hafner,35.6,CLE,NYY,2000000.0,2013,1573,2002.0,2013.0,0,0,0,0,1,0
529,Travis Ishikawa,32.3,PIT,CHW,900000.0,2016,4793,2006.0,2015.0,1,0,0,0,0,0
530,Travis Shaw,29.7,MIL,TOR,4000000.0,2020,11982,2015.0,2021.0,1,0,0,0,0,0
531,Travis d'Arnaud,30.8,TB,ATL,8000000.0,2020,7739,2013.0,2021.0,0,0,0,1,0,0
532,Trevor Plouffe,30.5,MIN,OAK,5250000.0,2017,7462,2010.0,2018.0,0,0,1,0,0,0
533,Troy Tulowitzki,34.2,TOR,NYY,555000.0,2019,3531,2006.0,2019.0,0,0,0,0,0,1
534,Ty Wigginton,35.2,PHI,STL,2500000.0,2013,1491,2002.0,2013.0,0,0,1,0,0,0
535,Tyler Flowers,29.8,CHW,ATL,2650000.0,2016,9134,2009.0,2020.0,0,0,0,1,0,0
536,Welington Castillo,30.6,BAL,CHW,7500000.0,2018,3256,2010.0,2019.0,0,0,0,1,0,0
537,Welington Castillo,29.6,ARI,BAL,6500000.0,2017,3256,2010.0,2019.0,0,0,0,1,0,0
538,Wil Nieves,36.2,ARI,PHI,1125000.0,2014,1556,2002.0,2015.0,0,0,0,1,0,0
539,Wil Nieves,35.2,ARI,ARI,800000.0,2013,1556,2002.0,2015.0,0,0,0,1,0,0
540,Wil Nieves,37.3,PHI,SD,850000.0,2015,1556,2002.0,2015.0,0,0,0,1,0,0
541,Will Middlebrooks,27.2,SD,MIL,1200000.0,2016,7002,2012.0,2017.0,0,0,1,0,0,0
542,Willie Bloomquist,33.9,ARI,ARI,1900000.0,2012,1066,2002.0,2015.0,0,1,0,0,0,0
543,Willie Bloomquist,36.0,ARI,SEA,2900000.0,2014,1066,2002.0,2015.0,0,1,0,0,0,0
544,Willie Harris,33.6,NYM,CIN,800000.0,2012,236,2001.0,2012.0,0,0,0,0,0,0
545,Wilmer Flores,27.4,NYM,ARI,4250000.0,2019,5827,2013.0,2021.0,1,0,0,0,0,0
546,Wilmer Flores,28.4,ARI,SF,3125000.0,2020,5827,2013.0,2021.0,1,0,0,0,0,0
547,Wilson Betemit,30.2,DET,BAL,1625000.0,2012,1861,2001.0,2013.0,0,0,1,0,0,0
548,Wilson Ramos,31.3,PHI,NYM,9500000.0,2019,1433,2010.0,2021.0,0,0,0,1,0,0
549,Wilson Ramos,29.2,WSH,TB,6250000.0,2017,1433,2010.0,2021.0,0,0,0,1,0,0
550,Wilson Ramos,33.4,NYM,DET,2000000.0,2021,1433,2010.0,2021.0,0,0,0,1,0,0
551,Xavier Nady,35.1,COL,SD,775000.0,2014,1658,2000.0,2014.0,1,0,0,0,0,0
552,Xavier Nady,33.3,ARI,WSH,700000.0,2012,1658,2000.0,2014.0,1,0,0,0,0,0
553,Yadier Molina,38.5,STL,STL,9000000.0,2021,7007,2004.0,2021.0,0,0,0,1,0,0
554,Yan Gomes,34.3,OAK,CHC,6500000.0,2022,9627,2012.0,2021.0,0,0,0,1,0,0
555,Yan Gomes,32.3,WSH,WSH,5000000.0,2020,9627,2012.0,2021.0,0,0,0,1,0,0
556,Yasmani Grandal,30.2,LAD,MIL,18250000.0,2019,11368,2012.0,2021.0,0,0,0,1,0,0
557,Yasmani Grandal,31.0,MIL,CHW,18250000.0,2020,11368,2012.0,2021.0,0,0,0,1,0,0
558,Yonder Alonso,30.7,SEA,CLE,8000000.0,2018,2530,2010.0,2019.0,1,0,0,0,0,0
559,Yuniesky Betancourt,31.1,PHI,MIL,900000.0,2013,8585,2005.0,2013.0,1,0,0,0,0,0
560,Zack Cozart,32.3,CIN,LAA,12666667.0,2018,2616,2011.0,2019.0,0,0,1,0,0,0
